{"variants":{"type=bottom":[{"model":"block/bricks/slab/0"},{"model":"block/bricks/slab/1"},{"model":"block/bricks/slab/2"},{"model":"block/bricks/slab/3"},{"model":"block/bricks/slab/4"},{"model":"block/bricks/slab/5"},{"model":"block/bricks/slab/6"},{"model":"block/bricks/slab/7"}],"type=top":[{"model":"block/bricks/slab_top/0"},{"model":"block/bricks/slab_top/1"},{"model":"block/bricks/slab_top/2"},{"model":"block/bricks/slab_top/3"},{"model":"block/bricks/slab_top/4"},{"model":"block/bricks/slab_top/5"},{"model":"block/bricks/slab_top/6"},{"model":"block/bricks/slab_top/7"}],"type=double":[{"model":"block/bricks/block/0"},{"model":"block/bricks/block/1"},{"model":"block/bricks/block/2"},{"model":"block/bricks/block/3"},{"model":"block/bricks/block/4"},{"model":"block/bricks/block/5"},{"model":"block/bricks/block/6"},{"model":"block/bricks/block/7"}]}}